{
	"bsonType": "object",
	"required": [],
	"permission": {
		"read": false,
		"create": false,
		"update": false,
		"delete": false
	},
	"properties": {
		"_id": {
			"description": "ID，系统自动生成"
		},
		"name": {
			"bsonType": "string",
			"description": "地区",
			"validateFunction": "place_name",
			"errorMessage": {
				"required": "地区不能重复，请直接更新已有地区的内容！"
			}
		},
		"degree": {
			"bsonType": "int",
			"description": "次数"
		}
	}
}
