{
	"bsonType": "object",
	"required": ["id"],
	"permission": {
		"read": false,
		"create": false,
		"update": false,
		"delete": false
	},
	"properties": {
		"_id": {
			"description": "ID，系统自动生成"
		},
		"desc": {
			"bsonType": "string",
			"description": "地区介绍"
		},
		"id": {
			"bsonType": "number",
			"description": "id标识"
		},
		"diagTime": {
			"bsonType": "string",
			"description": "地址"
		},
		"feature": {
			"bsonType": "string",
			"description": "日期"
		},
		"images": {
			"bsonType": "array",
			"description": "图片数组"
		},
		"matchList": {
			"bsonType": "string",
			"description": "到达地点"
		},
		"been_to": {
			"bsonType": "boolean",
			"description": "计划中"
		},
		"result": {
			"bsonType": "string",
			"description": "一句话"
		},
		"spend": {
			"bsonType": "string",
			"description": "花费"
		},
		"trip": {
			"bsonType": "string",
			"description": "路程"
		},
		"video": {
			"bsonType": "array",
			"description": "视频地址"
		}
	}
}
