title,pic,text
勤基集团——革命传统教育,http://bmob.wxiou.cn/2021/06/16/4e052bb3402d735e80707dcca6016b94.jpg,2017年7月22日14点30分， 勤基集团 在遵义会议纪念馆进行红色文化革命传统教育活动。
广东顺德机关幼儿园——革命传统教育,http://bmob.wxiou.cn/2021/06/16/3320a0d1408e738b8069f82c8649d4e6.JPG,2017年8月22日，广东顺德机关幼儿园在遵义会议纪念馆进行红色文化革命传统教育活动。
中国人民银行武汉营管部——革命传统教育,http://bmob.wxiou.cn/2021/06/16/712e589540ae395b804f1012c7c3bf1d.JPG,2017年8月20日，中国人民银行武汉营管部在遵义会议纪念馆进行红色文化革命传统教育活动。
佛山市顺德区第一中学——革命传统教育,http://bmob.wxiou.cn/2021/06/16/de4f97e94091c7ee801f880e9c5ef59c.jpg,2017年6月18日，佛山市顺德区第一中学在遵义会议纪念馆进行红色文化革命传统教育活动。
广州市天河区龙洞街道办党工委——革命传统教育,http://bmob.wxiou.cn/2021/06/16/b375821240a9d64580cff67aef3453d9.JPG,2017年8月3日，广州市天河区龙洞街道办党工委在遵义会议纪念馆进行红色文化革命传统教育活动。
郑州大学——革命传统教育,http://bmob.wxiou.cn/2021/06/16/cf53a34240a9811980952bbf78d9c391.JPG,2017年7月31日，郑州大学在遵义会议纪念馆进行红色文化革命传统教育活动。
湖南建工——革命传统教育,http://bmob.wxiou.cn/2021/06/16/9c73b6b44018fda380ff992d3bdb8ac7.JPG,2017年7月28日，湖南建工在遵义会议纪念馆进行红色文化革命传统教育活动。
湘西自治州宗教事务委员会——革命传统教育,http://bmob.wxiou.cn/2021/06/16/61cd6e55404dbcc5802a2772345e752f.JPG,2017年7月27日，湘西自治州宗教事务委员会在遵义会议纪念馆进行红色文化革命传统教育活动。
绥阳供电局——革命传统教育,http://bmob.wxiou.cn/2021/06/16/62bcacb54079b6e08021605202b54254.JPG,2017年7月27日，绥阳供电局在遵义会议纪念馆进行红色文化革命传统教育活动。
广东河源国土资源局——革命传统教育,http://bmob.wxiou.cn/2021/06/16/d10dfa76400f3644809e9f874adfe0fe.jpg,2017年7月22日，广东河源国土资源局 在遵义会议纪念馆进行红色文化革命传统教育活动。
