[{
  "menu_id": "vk-in",
  "name": "",
  "sort": 0,
  "hidden_menu": true,
  "children": [{
      "menu_id": "vk-in-index",
      "name": "首页",
      "url": "/",
      "fixed": true
    },
    {
      "menu_id": "vk-login",
      "name": "登录注册",
      "children": [{
          "menu_id": "vk-login-index",
          "name": "登录",
          "url": "/pages/login/index",
          "hidden_tab": true
        },
        {
          "menu_id": "vk-login-register",
          "name": "注册",
          "url": "/pages/login/register",
          "hidden_tab": true
        },
        {
          "menu_id": "vk-login-retrieve",
          "name": "密码找回",
          "url": "/pages/login/retrieve",
          "hidden_tab": true
        }
      ]
    },
    {
      "menu_id": "vk-error",
      "name": "异常页面",
      "icon": "el-icon-warning-outline",
      "children": [{
          "menu_id": "vk-error-403",
          "name": "403",
          "url": "/pages_plugs/error/403",
          "hidden_tab": true
        },
        {
          "menu_id": "vk-error-404",
          "name": "404",
          "url": "/pages_plugs/error/404",
          "hidden_tab": true
        },
        {
          "menu_id": "vk-error-500",
          "name": "500",
          "url": "/pages_plugs/error/500",
          "hidden_tab": true
        }
      ]
    }
  ]
},
{
  "menu_id": "Client_data",
  "name": "前端数据设置",
  "icon": "el-icon-s-tools",
  "sort": 3,
  "children": [{
      "menu_id": "Client_data_notice",
      "name": "公告管理",
      "icon": "",
      "url": "/pages/dataset/notice"
    },
	{
	  "menu_id": "Client_data_order",
	  "name": "预约管理",
	  "icon": "",
	  "url": "/pages/dataset/order"
	},
	{
	  "menu_id": "Client_data_collection",
	  "name": "藏品管理",
	  "icon": "",
	  "url": "/pages/dataset/collection"
	},
	{
	  "menu_id": "Client_data_exhibit",
	  "name": "展览管理",
	  "icon": "",
	  "url": "/pages/dataset/exhibit"
	},
	{
	  "menu_id": "Client_data_collect",
	  "name": "文物登记",
	  "icon": "",
	  "url": "/pages/dataset/collect"
	},
	{
	  "menu_id": "Client_data_keepsake",
	  "name": "展览周边",
	  "icon": "",
	  "url": "/pages/dataset/keepsake"
	},
	{
	  "menu_id": "Client_data_party",
	  "name": "党建活动",
	  "icon": "",
	  "url": "/pages/dataset/party"
	},
	{
	  "menu_id": "Client_data_feedback",
	  "name": "用户反馈",
	  "icon": "",
	  "url": "/pages/dataset/feedback"
	},
	{
	  "menu_id": "Client_data_lost",
	  "name": "失物招领",
	  "icon": "",
	  "url": "/pages/dataset/lost"
	}
  ]
}
]
