{"_id":"sys-permission","_add_time":1596416400000,"comment":"系统内置权限","enable":true,"permission_id":"sys-permission","permission_name":"系统内置权限","sort":1,"url":""}
{"_id":"sys-permission-update","_add_time":1596416400000,"comment":"所有函数名以update开头的云函数","curd_category":3,"enable":true,"icon":"el-icon-edit","level":3,"match_mode":1,"parent_id":"sys-permission","permission_id":"sys-permission-update","permission_name":"系统内置 - 改","sort":3,"url":["*/update*"]}
{"_id":"sys-permission-delete","_add_time":1596416400000,"comment":"所有函数名以delete开头的云函数","curd_category":2,"enable":true,"icon":"vk-icon-delete","level":4,"match_mode":1,"parent_id":"sys-permission","permission_id":"sys-permission-delete","permission_name":"系统内置 - 删","sort":2,"url":["*/delete*"]}
{"_id":"sys-permission-read","_add_time":1596416400000,"comment":"包含所有的查询操作","curd_category":4,"enable":true,"icon":"vk-icon-text","level":3,"match_mode":1,"parent_id":"sys-permission","permission_id":"sys-permission-read","permission_name":"系统内置 - 查","sort":4,"url":["*/get*","*/find*","*/select*"]}
{"_id":"sys-permission-add","_add_time":1596416400000,"comment":"所有函数名以add开头的云函数","curd_category":1,"enable":true,"icon":"vk-icon-add","level":3,"match_mode":1,"parent_id":"sys-permission","permission_id":"sys-permission-add","permission_name":"系统内置 - 增","sort":1,"url":["*/add*"]}

{"_id": "sys-manage","_add_time": 1596416400000,"permission_id":"sys-manage","permission_name": "用户角色权限菜单","comment":"","sort": 2,"enable":true}
{"_id": "sys-manage-user","_add_time": 1596416400000,"permission_id":"sys-manage-user","permission_name": "系统 - 用户管理","comment":"","url": ["admin/system/user/sys/*"],"sort": 1,"enable":true,"match_mode":1,"parent_id":"sys-manage"}
{"_id": "sys-manage-role","_add_time": 1596416400000,"permission_id":"sys-manage-role","permission_name": "系统 - 角色管理","comment":"","url": ["admin/system/role/sys/*"],"sort": 2,"enable":true,"match_mode":1,"parent_id":"sys-manage"}
{"_id": "sys-manage-permission","_add_time": 1596416400000,"permission_id":"sys-manage-permission","permission_name": "系统 - 权限管理","comment":"","url": ["admin/system/permission/sys/*"],"sort": 3,"enable":true,"match_mode":1,"parent_id":"sys-manage"}
{"_id": "sys-manage-menu","_add_time": 1596416400000,"permission_id":"sys-manage-menu","permission_name": "系统 - 菜单管理","comment":"","url": ["admin/system/menu/sys/*"],"sort": 4,"enable":true,"match_mode":1,"parent_id":"sys-manage"}