Pic3,Pic4,Title,Pic2,Pic1,Subtitle,Text
http://bmob.wxiou.cn/2021/06/04/615f61b240fd51ed80cacfe843672856.jpg,http://bmob.wxiou.cn/2021/06/04/f96f416440981b5980802e72636b9951.jpg,遵义会议会址,http://bmob.wxiou.cn/2021/06/04/626edee5407914d380605d584d47d094.jpg,http://bmob.wxiou.cn/2021/06/04/43090a36403c58b6809e338f20e11dcd.jpg,"遵义会议会址，位于贵州省遵义市红花岗区老城子尹路96号，会址房屋原为国民党军黔军第25军第二师师长柏辉章的私邸，建于上世纪三十年代初，建筑物由主楼和跨院两部分组成。整个主楼面阔25.75米，进深16.95米，通高12米。
","遵义会议会址，系全国重点文物保护单位，属国家AAAA级景区遵义会议纪念馆的最核心部分，是具有伟大历史意义的遵义会议召开的地方，位于贵州省遵义市红花岗区子尹路96号。会址房屋原为国民党军第25军第二师师长柏辉章的私邸，建于上世纪三十年代初，建筑物由主楼和跨院两部分组成。主楼坐北朝南，为中西合璧砖木结构建筑，一楼一底。整栋主楼通道面阔25.19米，通进深17.01米，通高12米，占地面积528平方米，建筑面积428.48平方米。遵义会议会议室在二楼（一楼作战室的楼上），是一间长方形的房间，面积27平方米。墙上有挂钟和两个壁柜，壁柜上有一面穿衣镜。屋子正中是长方桌，四周围有一圈木边藤心折叠靠背椅，桌下有一只古老的木炭火盆。遵义会议期间，红军总司令朱德，总政委周恩来，总参谋长刘伯承住二楼，彭德怀、杨尚昆、刘少奇、李卓然等住一楼，总司令部一局作战室设在一楼。跨院在主楼的南面，是柏辉章未建主楼前的老屋，是黔北民居四合院风格的建筑，座东向西，由东屋、北屋、南屋、西屋四部分组成，建筑面积334平方米。遵义会议期间，红军总司令部的警卫人员、机要人员在这里办公和住宿。红军总司令部与一、三、五、九军团，二、六军团，四方面军，江西苏区中共分局的往来无线电在这里发出、接收。主楼和跨院之间伸出一船形的楼房，原是柏家制作酱料及收晒豆子的晒房，遵义会议期间是红军总司令部厨房。遵义会议是在红军第五次反“围剿”失败以及长征初期严重受挫的情况下，为了纠正“左”倾教条主义在中央的错误统治，挽救红军和中国革命而召开的。会上，首先由博古作关于反对敌人第五次“围剿”的总结报告（即主报告）；周恩来作军事问题报告(即副报告)；张闻天作批判“左”倾错误路线的报告(史称反报告)；毛泽东作了长篇发言，批判博古、李德在第五次反“围剿”战争中和长征以来的军事指挥错误，正确阐述了中国革命战争的战略问题，尖锐抨击博古、李德在军事上只知道纸上谈兵，而完全不考虑中国革命的实际情况。王稼祥、朱德、陈云、刘少奇等绝大多数与会者发言支持毛泽东的正确主张。会议通过了四条决定：“1.毛泽东增选为政治局常委；2.指定张闻天（洛甫）起草会议决议，委托常委审查后发到支部中去讨论；3.常委中再进行适当分工；4.取消“三人团”，仍由最高军事首长朱德、周恩来为军事指挥者，而周恩来为党内委托的对于指挥军事上下最后决心的负责者。”毛泽东进入党和红军的核心领导班子，体现了党心军心的最大意愿，是最大的民主体现。遵义会议因此成为党和红军生死攸关的重大历史转折。遵义会议明确地回答了红军的战略战术方面的是非问题，指出博古、李德军事指挥上的错误，同时改变了中央的领导特别是军事领导，解决了党内所面临的最迫切的组织问题和军事问题，结束了“左”倾教条主义在中央的统治，确立了毛泽东在中共中央和红军的领导地位。而这些成果，又是在中国共产党在同共产国际中断联系的情况下独立自主地取得的。这次会议，在极端危急的历史关头，挽救了党，挽救了红军，挽救了中国革命。从此，中国共产党能够在以毛泽东为代表的马克思主义正确路线领导下，克服重重困难，一步步地引导中国革命走向胜利。遵义会议是党的历史上一个生死攸关的转折点，它标志着中国共产党在政治上开始走向成熟。遵义会议会址已成为驰名中外的革命圣地，每年前来参观的观众达400多万人次。2015年6月16日下午，习近平总书记参观了遵义会议会址和遵义会议陈列馆后指出:遵义会议作为我们党历史上一次具有伟大转折意义的重要会议，在把马克思主义基本原理同中国具体实际相结合、坚持走独立自主道路、坚定正确的政治路线和政策策略，建设坚强成熟的中央领导集体等方面，留下宝贵经验和重要启示。我们要运用好遵义会议历史经验，让遵义会议精神永放光芒。 
"
http://bmob.wxiou.cn/2021/06/04/20622686407d85f68049f1e52dda237e.jpg,http://bmob.wxiou.cn/2021/06/04/590df0104041d487809910a9f2416120.jpg,遵义会议陈列馆,http://bmob.wxiou.cn/2021/06/04/f832899d40f46d4f80d57c29141e79d6.jpg,http://bmob.wxiou.cn/2021/06/04/7a5696af401b992f80f7832e60076da1.jpg,"遵义会议陈列馆是为延伸遵义会议纪念体系、拓展接待服务空间、提升展陈展示水平、加强爱国主义教育示范基地社会功用而提出建设的，于2013年7月动工建设，2015年1月15日遵义会议召开八十周年之际对外开放。遵义会议陈列馆总建筑面积19054㎡，规划建设展厅面积8000平方米.
","遵义会议陈列馆是为延伸遵义会议纪念体系、拓展接待服务空间、提升展陈展示水平、加强爱国主义教育示范基地社会功用而提出建设的，于2013年7月动工建设，2015年1月15日遵义会议召开八十周年之际对外开放。遵义会议陈列馆总建筑面积19054㎡，规划建设展厅面积8000平方米，建筑外观设计遵循历史文化名城保护区要求，汲取遵义民居特色，利用小青瓦坡面顶、圆拱形柱廊等遵义会议会址及周边建筑元素，使新陈列馆与周边环境风格一致，和谐统一；内部空间按照陈列布展要求，增大展厅面积、扩展建筑空间，充分满足陈列展示和宣传需求。馆内设置《遵义会议伟大转折》专题陈列，展线1200米，文物展品1200件。展览内容包括：前言、战略转移开始长征、遵义会议伟大转折、转战贵州出奇制胜、勇往直前走向胜利、遵义会议精神永存、结束语共七大章节。展览以长征为主线，重点突出遵义会议（遵义会议前奏通道会议、黎平会议、猴场会议；遵义会议召开以及遵义会议完善过程（扎西会议、苟坝会议、会理会议）及红军长征在贵州活动（四渡赤水、娄山关战斗、遵义战役、南渡乌江、兵临贵阳及建立地方政权、扩红等）；展览以红军长征为主轴线，以编年带专题，全面系统、生动详实地展现遵义会议伟大转折历史意义和红军长征、遵义会议、转战贵州的重大历史史实。在展陈形式上，一是力求主展线图片、文字、文物等设计表现形态生动、多彩多姿，波澜壮阔；二是文物陈列要求构图美观，结构严谨，空间感、悬浮感强。文物复制量身定做，重视文物保护；三是大型景观艺术、雕塑、油画等作品为求真实、生动和准确，艺术作品要具有原创性和首创性，达到国内博物馆一流水平。在展陈手段上运用三维等成像、多媒体半景画、电子触摸书籍、与观众互动等最先进的技术手段进行展示陈列布展，进一步增强展览的吸引力、震撼力、感染力。遵义会议陈列馆开放以来，年均接待观众超过400万人次，先后接待了中共中央总书记、国家主席、中央军委主席习近平，中宣部部长刘奇葆等多位党和国家领导人。得到了中央、省、市各级领导的高度肯定和赞扬，真正成为弘扬红军长征精神和长征文化的重要载体和阵地，成为专家认可、观众满意、社会欢迎的红色旅游纪念体系的精品展览。
"
http://bmob.wxiou.cn/2021/06/04/eabcbaa140cb121780d39e7889622ab0.jpg,http://bmob.wxiou.cn/2021/06/04/4bfd791a406dae03806a61aa7da6fc64.jpg,会议期间毛泽东、张闻天、王稼祥住址,http://bmob.wxiou.cn/2021/06/04/8ff2ca1640dbd84e80c49ec7c9677001.jpg,http://bmob.wxiou.cn/2021/06/04/ecd52a9e40f89fc780f417eb1e49b9c4.jpg,"遵义会议期间毛泽东、张闻天、王稼祥住址，系全国重点文物保护单位遵义会议会址的重要组成部分之一。位于遵义市红花岗区古寺巷（今幸福巷28号）。原为国民党川南边防军第2旅旅长易怀之（又名易少荃）的私宅，始建于1933年。整幢楼房背靠桃源山东麓，坐南朝北，是中西合璧一楼一底的砖木结构建筑
","遵义会议期间毛泽东、张闻天、王稼祥住址，系全国重点文物保护单位遵义会议会址的重要组成部分之一。位于遵义市红花岗区古寺巷（今幸福巷28号）。原为国民党川南边防军第2旅旅长易怀之（又名易少荃）的私宅，始建于1933年。整幢楼房背靠桃源山东麓，坐南朝北，是中西合璧一楼一底的砖木结构建筑。歇山式屋顶，青瓦覆盖，前坡面开一“老虎窗”。楼上楼下四周均有走廊，窗为三角形彩色玻璃镶嵌的鸳鸯窗，走廊顶壁饰有泥塑花卉、鸟兽形象。楼房建筑面积约665平方米，通面阔三间15米，通进深9米。1935年1月初，中央红军长征到遵义后，中央政治局委员、中华苏维埃共和国中央政府主席毛泽东，中央政治局常委、中华苏维埃共和国中央政府人民委员会主席张闻天，中央政治局候补委员、中革军委副主席王稼祥住在这里。遵义会议期间，毛泽东、张闻天、王稼祥在住址内酝酿形成了遵义会议上的“反报告”即“毛张王提纲”，准备了毛泽东在遵义会议上所作的“主要的报告”，为遵义会议解决“左”倾错误的军事和组织路线，在危急关头挽救了党，挽救了红军，挽救了中国革命，作出了重要的历史贡献。住址于1966年对外开放时，在楼上复原了毛泽东住室。1980年1月，复原陈列了张闻天和王稼祥住室。2001年，遵义市委、市人民政府对旧址周边环境进行了较彻底整治，拓展了保护范围，增设了毛泽东、张闻天、王稼祥雕塑像和修建展室487平方米，展室内现陈列有《毛泽东诗词书法艺术展》。 
"
http://bmob.wxiou.cn/2021/06/04/a0193091406998fb808f2ffaac689065.jpg,http://bmob.wxiou.cn/2021/06/04/9f97a247404d419f80a845fda9c158bc.jpg,遵义会议期间红军总政治部旧址,http://bmob.wxiou.cn/2021/06/04/cbb9425b40244f6280019c35d8b559ee.jpg,http://bmob.wxiou.cn/2021/06/04/c23f55e440c8c984808e21743d2f9240.jpg,"遵义会议期间红军总政治部旧址，系全国重点文物保护单位遵义会议会址的重要组成部分之一。位于遵义市红花岗区杨柳街28号。原为遵义天主堂，清同治5年（公元1867年）法国传教士沙布尔修建，由经堂和学堂两部分组成。经堂系“罗马式”建筑，两侧是一排圆拱的雕花窗棂，镶着五颜六色的玻璃 
","遵义会议期间红军总政治部旧址，系全国重点文物保护单位遵义会议会址的重要组成部分之一。位于遵义市红花岗区杨柳街28号。原为遵义天主堂，清同治5年（公元1867年）法国传教士沙布尔修建，由经堂和学堂两部分组成。经堂系“罗马式”建筑，两侧是一排圆拱的雕花窗棂，镶着五颜六色的玻璃。面积385.2平方米，高约7米。学堂是一组庭院式平房建筑，木结构。整个旧址长105米，宽129.1米，共占地面积13555平方米，建筑面积约1285平方米。1935年1月中央红军进驻遵义后，红军总政治部所辖的组织、宣传、破坏、青年等部门和秘书处机关都设在学堂内，并在经堂内主持召开了遵义各界群众代表大会，进行了商讨成立遵义县革命委员会，组建红军之友社、赤色工会、工人游击队等一系列革命活动。红军二渡赤水再占遵义后，总政治部在经堂内召开营、科以上干部大会，毛泽东、张闻天等在会上总结了遵义战役胜利的经验，使广大干部对遵义会议改变军事领导后所取得的胜利，感受到极大的鼓舞。由于长期未经修缮，以致旧址建筑木柱腐朽，四壁倾斜，几近坍塌。1978年和1984年，国家文物局两次拨款先后分别对经堂和学堂进行了全面彻底的维修。1984年11月2日，邓小平题写了匾名“红军总政治部旧址”，挂于旧址门楣上。1985年1月，正式对外开放。旧址内现复原红军干部大会会场旧址，红军总政治部代主任李富春、秘书处处长肖向荣办公室兼住室，以及红军总政治部所辖的组织、宣传、破坏、青年等部门和《红星报》编辑室等陈列。 
"
http://bmob.wxiou.cn/2021/06/04/a757294740a3f213806a31cf3444518a.jpg,http://bmob.wxiou.cn/2021/06/04/37897649401088f5800d3019bb74a153.jpg,遵义会议期间苏维埃国家银行旧址,http://bmob.wxiou.cn/2021/06/04/9b87ed054038a5e380b461f91fe96d16.jpg,http://bmob.wxiou.cn/2021/06/04/77b4a0714087cf10807a239ceda5b893.jpg,"中华苏维埃国家银行旧址，系全国重点文物保护单位遵义会议会址的组成部分之一。位于遵义市红花岗区杨柳街南段，距遵义会议陈列馆约30米。中央红军长征驻遵义期间，中央没收征发委员会和中华苏维埃共和国国家银行驻于此。旧址原为国民党黔军副军长犹国才的私宅，系一楼一底3个四合院相连的砖木结构建... 
","中华苏维埃国家银行旧址，系全国重点文物保护单位遵义会议会址的组成部分之一。位于遵义市红花岗区杨柳街南段，距遵义会议陈列馆约30米。中央红军长征驻遵义期间，中央没收征发委员会和中华苏维埃共和国国家银行驻于此。旧址原为国民党黔军副军长犹国才的私宅，系一楼一底3个四合院相连的砖木结构建筑。小青瓦，坡屋顶，檐高5.4米。墙面为板壁墙面，木门窗、木板楼。内有一大两小三个天井。建筑面积1166平方米，占地面积1155平方米。中华苏维埃共和国国家银行驻遵义期间，进行了长征以来的第一次苏维埃币发行和回笼工作。用买卖公平、让利于民的实际行动，不仅维护和提高了苏维埃币的信誉，补给了红军的开支；还打破了国民党反动派对共产党和红军的污蔑宣传，提高了人民群众的思想觉悟和革命积极性。1999年，遵义市人民政府拨款按旧址原貌修复，复原陈列了中央没收征发委员会主任林伯渠，副主任、中华苏维埃共和国国家银行行长毛泽民，中央没收征发委员会组长钱之光、中央纵队没收征发委员会主任李井泉等的住室，并在二楼推出“肩挑的银行——中华苏维埃共和国国家银行长征在遵义”陈列展览，于同年年底对外开放。 
"
http://bmob.wxiou.cn/2021/06/04/1283130c40d2086e80f43eb2e791341c.jpg,http://bmob.wxiou.cn/2021/06/04/58a9c87840cd965a804cbd8cd2a93399.JPG,遵义会议期间红军警备司令部旧址,http://bmob.wxiou.cn/2021/06/04/95febcf340e3c16f808b4401d30f9b26.jpg,http://bmob.wxiou.cn/2021/06/04/a927e28840aecefe80b07106189c5535.jpg,"遵义红军警备司令部旧址，系全国重点文物保护单位遵义会议会址的组成部分之一。位于遵义市红花岗区杨柳街，遵义会议陈列馆右对面。旧址原在何家巷（今飞天步行街处），为国民党黔军旅长周吉善的私宅，是一幢一楼一底二层小青瓦、坡屋面的砖木结构楼房。1935年1月7日，中央红军进占遵义后，中革军... 
","遵义红军警备司令部旧址，系全国重点文物保护单位遵义会议会址的组成部分之一。位于遵义市红花岗区杨柳街，遵义会议陈列馆右对面。旧址原在何家巷（今飞天步行街处），为国民党黔军旅长周吉善的私宅，是一幢一楼一底二层小青瓦、坡屋面的砖木结构楼房。1935年1月7日，中央红军进占遵义后，中革军委决定成立警备司令部，刘伯承任司令员，陈云为政治委员。警备司令部的成立，对确保遵义会议的顺利召开，对以遵义为中心的黔北苏区根据地的建立，以及社会秩序的维护，作出了重要的贡献。2004年，遵义市人民政府筹款对旧址易地原样修复，占地面积863平方米，建筑面积743平方米。2005年1月，在纪念遵义会议70周年之际，旧址复原了陈云、刘伯承住室及警卫人员住室，并正式对外开放。 
"
http://bmob.wxiou.cn/2021/06/04/a50bf6db4046f77480864af751f8cce2.jpg,http://bmob.wxiou.cn/2021/06/04/3826c63b404b69528023c16fb13be96c.jpg,遵义会议期间秦邦宪（博古）住址,http://bmob.wxiou.cn/2021/06/04/6859ace5404a1f3180fd543a743ae02e.jpg,http://bmob.wxiou.cn/2021/06/04/82694ea54057196680e6c9c692b81f65.jpg,"遵义会议期间秦邦宪（博古）住址，系全国重点文物保护单位遵义会议会址的组成部分之一。位于遵义市红花岗区杨柳街中段，与遵义会议陈列馆毗邻。原为国民党黔军第7师副师长侯之珪 私宅，系砖木结构楼房，一楼一底。为前后两进，四棂三间的“走马转角楼”。前进仿西式风格装修，后进白墙，悬山青瓦顶... 
","遵义会议期间秦邦宪（博古）住址，系全国重点文物保护单位遵义会议会址的组成部分之一。位于遵义市红花岗区杨柳街中段，与遵义会议陈列馆毗邻。原为国民党黔军第7师副师长侯之珪 私宅，系砖木结构楼房，一楼一底。为前后两进，四棂三间的“走马转角楼”。前进仿西式风格装修，后进白墙，悬山青瓦顶，具有典型黔北民居建筑特点。前、后院之间有檐廊相连成，四合院布局，檐高6.3米，花格门窗。整幢建筑占地面积704.04平方米，建筑面积541平方米。遵义会议期间，中共中央总负责人秦邦宪（博古）住后楼一楼北侧一间，共产国际军事顾问李德住前楼二楼通间，翻译伍修权、王智涛及警卫员也住于此。1999年，遵义市人民政府拨款按原样修复，遵义会议纪念馆对其进行复原陈列，2000年1月15日对外开放。遵义会议期间，秦邦宪（博古）在住址内准备了遵义会议上的“主报告”即关于反五次“围剿”总结的报告。虽然因在遵义会议上被绝大多数与会者批评一时思想不通，但他在主持遵义会议时仍“态度端正”，并遵守少数服从多数的组织原则，执行遵义会议确立的正确路线，为遵义会议顺利召开，起到了重要作用。秦邦宪（博古）住址的复原陈列和对外开放，实事求是地恢复了历史的本来面目，对历史人物作出了客观真实的展示和呈现，受到了国内外观众的关注和好评。 
"
http://bmob.wxiou.cn/2021/06/04/fbab964b40f60beb8092cd8d221f4c9f.jpg,http://bmob.wxiou.cn/2021/06/04/fbab964b40f60beb8092cd8d221f4c9f.jpg,红军总政治部地方工作部旧址,http://bmob.wxiou.cn/2021/06/04/fbab964b40f60beb8092cd8d221f4c9f.jpg,http://bmob.wxiou.cn/2021/06/04/0301701c40421d2e8086e789ee3c5477.jpg,"红军总政治部地方工作部旧址原址在今文化小学内。红军总政治部地方工作部是宣传发动、组织群众、建立苏区革命政权的群众工作部门之一。红军在遵义期间，经红军宣传发动、组织建立革命政权的组织，指导建立遵义县革命委员会等县级政权4个，建立遵义县回山乡等乡级革命政权20多个... 
","红军总政治部地方工作部旧址原址在今文化小学内。红军总政治部地方工作部是宣传发动、组织群众、建立苏区革命政权的群众工作部门之一。红军在遵义期间，经红军宣传发动、组织建立革命政权的组织，指导建立遵义县革命委员会等县级政权4个，建立遵义县回山乡等乡级革命政权20多个，以及区乡游击队20多支。红军总政治部地方工作部由李维汉任部长，凯丰（何克全）任副部长。凯丰是中央政治局候补委员，共青团中央书记。总政治部地方工作部报经中央批准，成立了中共贵州工作委员会，成立有林青、邓止戈、秦天真等，由林青任负责人。 
"
http://bmob.wxiou.cn/2021/06/04/8bebbdf040ebf5a780e6cfeeec8ce97b.jpg,http://bmob.wxiou.cn/2021/06/04/71e897674004976380ce92db7a01ba67.jpg,遵义会议期间邓小平住址,http://bmob.wxiou.cn/2021/06/04/304b162440d51ba18084a9eefd710477.jpg,http://bmob.wxiou.cn/2021/06/04/740209fe4036c618808aaebcd063643a.JPG,"遵义会议期间邓小平住处位于遵义市老城红军街，旧址原为遵义文人傅梦秋私宅，抗战期间浙江大学西迁遵义时，校长竺可桢曾居住于此。 遵义会议期间邓小平、潘汉年、黄镇等住于此。2006年异地原样修复，现陈列展示邓小平住室、潘汉年住室、黄镇住室以及纪念小平诞辰百年书画展、邓小平在... 
","遵义会议期间邓小平住处位于遵义市老城红军街，旧址原为遵义文人傅梦秋私宅，抗战期间浙江大学西迁遵义时，校长竺可桢曾居住于此。遵义会议期间邓小平、潘汉年、黄镇等住于此。2006年异地原样修复，现陈列展示邓小平住室、潘汉年住室、黄镇住室以及纪念小平诞辰百年书画展、邓小平在遵义会议前后等辅助展览。 
"
