Name,Pring,Material,Pic,Specifications
会址镜子,30 元,金属边框,http://bmob.wxiou.cn/2021/06/05/024e86a340e7027e80e406e16408a457.png,"直径 7cm, 周长 25cm"
会址模型,1680 元,锌合金,http://bmob.wxiou.cn/2021/06/05/bdd2e3814008f78980e559d8319b959c.png,"长 25.5cm, 宽 24cm 高 12.5cm"
会址琉璃玉盘,680 元,玉器,http://bmob.wxiou.cn/2021/06/05/2454246740a51c088088efd5f6e09e81.png,"高 25.5cm, 宽 11cm"
会址水晶,180 元,水晶,http://bmob.wxiou.cn/2021/06/05/a7f4f1d2406b28ef80248063d983f5e3.png,"长 17.5cm, 高 12.5cm"
会址书签,20~30 元,金属,http://bmob.wxiou.cn/2021/06/05/76970e93406632ea8032b28fb4230949.png,长14.5cm
会址纪念章,40 元,镀金,http://bmob.wxiou.cn/2021/06/05/1eb0e0234033777e80690774311bd5e2.png,直径 2cm
