Ways,Name,Source,Description
19825085100,王泽宇,哈哈哈哈,嗯嗯嗯
19825085100,杨文旋,抢来的,杨文旋专用手机
B18150118,杨文旋,文物登记测试,文物登记测试
B18150118,杨文旋,文物登记测试,文物登记测试
B18150118,杨文旋,文物登记测试,文物登记测试
B18150118,杨文旋,文物登记测试,文物登记测试
B18150118,杨文旋,文物登记测试,文物登记测试
B18150118,杨文旋,文物登记测试,文物登记测试
B18150118,杨文旋,文物登记测试,文物登记测试
B18150118,杨文旋,文物登记测试,文物登记测试
B18150118,杨文旋,文物登记测试,文物登记测试
